  -0.26984,  -0.27699,   0.03828,  -0.00340,  -0.21898,  -0.06183,  -0.01505,   0.08553,  -0.09033,  -0.03209,  -0.05923,   0.02061,  -0.26754,  -0.13248,  -0.17795,   0.05070,  -0.19280,  -0.02154,  -0.32061,  -0.01082,   0.07175,  -0.17300,  -0.15086,   0.17699,   0.00239,  -0.30257,   0.13188,  -0.29281,   0.01905,   0.06504,   0.06461,   0.16035,  -0.13931,   0.23185,   0.00957,  -0.16064,   0.02709,  -0.12452
   0.15012,   0.06041,   0.09257,   0.02346,   0.11412,  -0.33386,  -0.10254,  -0.08877,   0.26791,  -0.22763,  -0.14651,   0.02060,  -0.04401,   0.02293,  -0.06096,   0.07843,   0.05036,  -0.19045,   0.19146,   0.22423,  -0.10920,   0.01208,   0.05685,   0.13736,  -0.22586,  -0.18465,  -0.03399,  -0.16827,   0.00168,  -0.03132,  -0.27027,  -0.18662,  -0.29288,   0.07028,  -0.01371,   0.06622,   0.08934,  -0.17620
   0.16557,   0.14045,   0.15715,  -0.18932,  -0.09537,  -0.21248,   0.17980,   0.12041,   0.05466,  -0.28135,  -0.01986,  -0.01697,  -0.17220,  -0.09750,   0.15987,   0.03294,  -0.03285,  -0.15970,  -0.01197,   0.05838,  -0.17689,  -0.02010,   0.14544,  -0.02981,  -0.06826,  -0.14398,  -0.03742,   0.13662,   0.10192,   0.02026,   0.24263,   0.10002,   0.07424,  -0.11202,  -0.21195,  -0.11166,  -0.26150,  -0.19817
   0.03292,   0.05814,   0.03251,  -0.07313,  -0.05513,  -0.01431,   0.22987,  -0.07197,  -0.30993,  -0.15173,  -0.03081,  -0.01178,  -0.16451,  -0.15681,   0.14646,   0.14765,   0.03287,  -0.05943,   0.08668,  -0.07176,  -0.18368,   0.09026,  -0.08825,  -0.03782,  -0.10833,   0.13546,  -0.07010,  -0.02925,  -0.00883,   0.14461,   0.22641,  -0.03661,   0.08480,  -0.31373,  -0.21956,  -0.09484,   0.00227,  -0.15727
  -0.10897,   0.00146,  -0.12147,  -0.09812,   0.07428,  -0.21466,  -0.18789,  -0.20901,   0.08437,   0.07340,  -0.11553,   0.22638,  -0.15095,  -0.00237,  -0.17526,   0.21655,  -0.04443,   0.13708,  -0.25808,   0.21751,  -0.15397,  -0.17867,   0.06801,   0.24265,   0.00806,   0.02485,   0.22572,  -0.07541,   0.13609,   0.06165,   0.02405,  -0.13539,   0.10633,   0.17002,   0.01890,   0.08464,   0.05403,  -0.03631
   0.12634,   0.07174,  -0.19101,  -0.08685,  -0.19828,   0.02463,  -0.07819,  -0.10073,   0.20767,  -0.08106,  -0.06367,  -0.07651,  -0.25132,   0.13193,   0.09882,  -0.00856,   0.12106,  -0.08093,   0.23610,   0.12653,   0.10619,  -0.24179,  -0.00093,  -0.04253,  -0.20945,  -0.06144,   0.21591,   0.10784,   0.03556,   0.03836,  -0.25624,  -0.07564,  -0.14495,   0.06944,  -0.22678,   0.07424,  -0.08037,  -0.13172
  -0.16225,   0.01192,   0.10429,   0.20539,  -0.20109,  -0.00926,   0.02627,   0.13354,  -0.01457,  -0.07923,   0.01430,  -0.10228,  -0.05321,   0.09231,   0.19602,   0.05128,  -0.12868,   0.00748,   0.18714,   0.08854,   0.03474,  -0.06962,  -0.16048,   0.09785,   0.09983,   0.00113,   0.02265,  -0.31780,  -0.04334,   0.03055,  -0.02952,  -0.13643,  -0.22743,  -0.34628,  -0.07745,  -0.23623,   0.06594,   0.23713
   0.01501,  -0.34659,  -0.21696,  -0.26554,   0.19477,  -0.26088,   0.07417,  -0.33691,  -0.18567,   0.10403,  -0.17400,   0.15919,  -0.29543,  -0.01407,   0.07559,   0.04974,  -0.14182,   0.02548,  -0.22737,  -0.09626,  -0.08132,  -0.12497,   0.15298,   0.01420,  -0.18908,   0.14664,  -0.01942,  -0.01624,   0.17140,  -0.08288,  -0.13303,  -0.08025,  -0.06601,   0.04321,   0.18564,   0.08851,   0.12222,   0.06453
  -0.10571,  -0.06143,   0.03465,   0.07600,  -0.10200,   0.17917,   0.21682,   0.06117,  -0.19517,  -0.02717,   0.12535,  -0.15100,   0.02312,  -0.15311,  -0.11108,   0.05987,   0.01537,  -0.13889,  -0.06019,   0.01175,  -0.23489,  -0.10120,   0.09170,  -0.04087,   0.15001,   0.17389,   0.09432,  -0.04860,  -0.23550,   0.16980,   0.01630,   0.04139,  -0.13154,  -0.13710,   0.18396,  -0.20787,   0.06003,   0.08709
   0.16110,   0.08420,   0.17747,  -0.17875,  -0.15583,   0.02199,  -0.25899,  -0.17732,   0.03605,  -0.09758,  -0.03651,   0.09301,  -0.06350,  -0.08600,   0.20330,   0.00936,  -0.17701,   0.02697,  -0.01432,  -0.10375,   0.01008,  -0.00226,   0.01301,  -0.24183,  -0.01318,   0.10560,   0.11037,  -0.14985,  -0.29908,   0.11468,  -0.00978,  -0.11525,   0.13263,   0.15274,  -0.05930,  -0.04985,   0.00485,   0.25936
   0.11828,   0.19448,   0.00842,  -0.08959,   0.01356,  -0.05814,   0.13536,   0.06233,  -0.23918,   0.10539,   0.05113,  -0.11627,   0.08091,   0.05611,   0.22374,   0.21565,  -0.17512,  -0.18429,   0.04458,   0.14977,  -0.20996,  -0.03080,   0.00013,  -0.12955,   0.25202,   0.13250,   0.00287,   0.00845,  -0.07058,  -0.19796,   0.10364,  -0.24317,  -0.06903,   0.19213,  -0.00215,   0.01381,   0.23929,  -0.06948
   0.03396,  -0.20983,   0.28444,   0.23834,   0.13061,   0.21877,  -0.04174,  -0.19015,  -0.05123,  -0.03191,  -0.30069,   0.18048,  -0.10262,   0.00038,  -0.14754,  -0.28218,   0.05459,  -0.01069,  -0.08841,  -0.06632,   0.03952,   0.01344,  -0.20086,   0.09775,  -0.29981,  -0.06086,  -0.21176,  -0.25895,   0.19884,  -0.27790,  -0.28822,  -0.01585,  -0.13359,   0.11027,  -0.03723,  -0.26510,  -0.01421,  -0.08289
   0.24231,   0.11254,  -0.24916,  -0.07012,   0.05633,   0.20641,  -0.05672,  -0.08825,  -0.00807,  -0.34681,   0.09503,  -0.18140,   0.04804,  -0.24530,   0.28604,  -0.28206,   0.11133,  -0.15650,   0.08278,  -0.05199,  -0.04276,   0.07073,  -0.25922,  -0.08271,   0.02754,   0.09049,  -0.14083,   0.21676,   0.10189,  -0.03938,  -0.08525,   0.27002,   0.07093,  -0.13728,   0.13341,  -0.01558,  -0.14344,   0.01920
   0.02501,   0.14829,  -0.28516,  -0.17594,  -0.14194,   0.21532,  -0.25029,   0.06170,  -0.12506,   0.19666,   0.00484,   0.01766,  -0.24698,  -0.25744,  -0.07563,  -0.01223,   0.22943,  -0.15439,   0.14001,  -0.23540,   0.05414,   0.09122,  -0.01213,  -0.19387,  -0.00323,   0.15860,   0.09211,   0.08207,  -0.09266,   0.12810,  -0.06067,   0.23787,  -0.19756,  -0.13253,   0.06658,  -0.17855,  -0.05975,  -0.17733
   0.14291,   0.17444,   0.06573,  -0.17834,  -0.28036,  -0.10406,  -0.31441,  -0.08563,   0.02890,  -0.04228,   0.08082,  -0.01462,  -0.09913,   0.14767,  -0.02718,  -0.01562,   0.10785,  -0.19831,   0.13846,   0.21754,   0.14117,   0.15283,   0.16647,  -0.04741,   0.11945,   0.18246,  -0.27646,   0.06992,   0.02037,   0.24650,   0.11064,   0.07028,   0.19705,  -0.13922,  -0.24727,   0.13021,   0.21580,   0.01347
  -0.06589,   0.05974,  -0.24588,   0.00668,  -0.22233,   0.06069,  -0.15311,   0.23559,   0.01273,  -0.25140,   0.01834,  -0.21766,   0.11661,  -0.04551,   0.02851,   0.25582,  -0.15241,   0.15449,   0.11753,  -0.01359,   0.15018,   0.07198,  -0.03302,  -0.12054,  -0.02756,  -0.18055,  -0.09891,   0.13613,  -0.01806,  -0.15723,   0.16229,   0.10120,  -0.28741,   0.21341,  -0.02330,  -0.19381,  -0.21928,  -0.04127
  -0.23696,   0.02356,  -0.29076,  -0.22844,   0.26655,  -0.06028,   0.07638,  -0.23925,  -0.05532,  -0.04981,   0.07256,  -0.22062,   0.07358,  -0.09828,   0.16246,  -0.19173,  -0.08028,  -0.16539,  -0.00342,  -0.05894,   0.15282,   0.11020,  -0.22872,  -0.14649,  -0.07637,  -0.20721,  -0.23319,  -0.06935,  -0.09260,   0.09182,   0.04605,  -0.19140,   0.07613,  -0.00462,  -0.23244,   0.01206,   0.04866,  -0.08577
   0.00476,   0.11413,  -0.03175,   0.01515,  -0.01904,  -0.01284,  -0.12571,   0.10548,   0.02333,   0.14653,  -0.23104,  -0.11619,   0.21415,   0.17386,  -0.29590,   0.13077,   0.06623,   0.08457,  -0.06492,   0.05325,   0.08179,  -0.25267,  -0.21948,  -0.00369,  -0.26944,   0.02256,  -0.12011,  -0.25128,   0.18107,  -0.07641,  -0.22451,  -0.19333,  -0.25289,   0.11673,  -0.09902,   0.14028,  -0.16067,   0.00844
  -0.00490,   0.00235,   0.23228,  -0.16565,   0.11943,  -0.07432,   0.03457,  -0.34155,  -0.07139,  -0.11781,  -0.01053,  -0.06260,  -0.09345,  -0.17786,  -0.28491,  -0.24526,   0.15858,  -0.28171,   0.03195,   0.25745,   0.00469,   0.12699,   0.00723,   0.08591,  -0.23466,  -0.26197,  -0.05200,   0.15979,   0.15921,   0.16162,   0.02687,  -0.15286,  -0.02987,   0.06092,   0.03709,   0.19742,  -0.28590,  -0.08434
  -0.20496,  -0.26343,  -0.11633,  -0.21091,   0.07691,  -0.06838,   0.20149,  -0.03976,   0.14282,  -0.11143,  -0.02707,  -0.06048,  -0.05669,   0.19964,  -0.22409,   0.00025,  -0.15126,  -0.09956,  -0.17666,   0.16315,  -0.02216,  -0.23229,  -0.15007,   0.07868,  -0.05128,  -0.27519,  -0.06946,  -0.11617,  -0.01363,  -0.21811,   0.02544,   0.24491,  -0.11084,  -0.07502,   0.11541,  -0.01789,   0.24488,  -0.00135
   0.13852,   0.01856,  -0.03376,   0.02948,   0.00269,  -0.17596,  -0.28485,   0.10479,   0.06737,  -0.29022,  -0.04775,   0.19058,   0.21234,  -0.05402,  -0.26190,   0.06265,  -0.05013,   0.05494,  -0.02420,  -0.01879,   0.15394,   0.13503,  -0.30790,  -0.03453,  -0.17011,   0.05565,  -0.14879,  -0.04375,   0.14965,  -0.25237,  -0.07339,  -0.18118,  -0.11079,   0.09719,  -0.17008,   0.10587,  -0.16904,   0.06904
  -0.18499,   0.20060,  -0.16181,  -0.17324,   0.11669,  -0.14922,   0.24690,  -0.07722,  -0.15557,  -0.12215,  -0.06178,  -0.15074,   0.02825,  -0.21533,   0.07252,   0.05603,   0.07565,   0.05647,   0.08059,  -0.15265,  -0.19805,  -0.08660,  -0.17230,  -0.01147,  -0.00764,  -0.24587,  -0.02167,  -0.06293,   0.07153,  -0.00282,  -0.08003,   0.02622,  -0.05372,  -0.20608,  -0.33441,   0.28758,  -0.08637,  -0.07397
  -0.12694,   0.02878,  -0.04735,  -0.07978,   0.04301,   0.19013,   0.14158,  -0.06197,  -0.22808,  -0.15142,  -0.00196,  -0.14363,  -0.04673,  -0.13868,  -0.09166,  -0.03839,  -0.11923,  -0.12549,  -0.12171,  -0.23507,  -0.09592,  -0.21061,  -0.19081,   0.12740,  -0.19980,  -0.02075,   0.16761,  -0.03574,  -0.06462,  -0.27517,  -0.08313,  -0.07111,  -0.13649,  -0.30449,  -0.17929,   0.01641,  -0.05528,   0.09892
  -0.14281,  -0.04432,   0.10570,  -0.06133,  -0.05308,  -0.06128,  -0.24467,   0.20771,   0.12416,   0.02249,  -0.05484,   0.08908,   0.10343,  -0.19525,   0.09469,   0.00478,   0.02112,  -0.01740,  -0.09672,  -0.31642,   0.09250,  -0.05718,  -0.30404,   0.17471,   0.23591,   0.18939,  -0.20534,  -0.23427,   0.00075,  -0.16971,  -0.07732,  -0.10668,  -0.01039,  -0.27459,   0.03736,   0.06804,  -0.08929,   0.02156
   0.10376,  -0.06602,  -0.23852,  -0.27650,  -0.30998,  -0.27021,   0.19460,  -0.11946,  -0.06945,  -0.32453,  -0.00811,  -0.03592,  -0.22324,   0.04969,   0.17089,   0.10379,  -0.17204,   0.06369,   0.13966,  -0.05687,  -0.21806,  -0.13560,  -0.00884,  -0.23911,  -0.18946,   0.12017,   0.01921,   0.12973,  -0.12818,   0.05300,  -0.02383,  -0.10961,  -0.00158,  -0.18755,   0.12537,  -0.18425,  -0.00074,   0.05315
  -0.15383,  -0.25467,  -0.24138,   0.12255,  -0.13153,   0.18687,  -0.10872,  -0.12220,  -0.03692,  -0.22561,   0.06547,  -0.11467,  -0.19046,   0.13639,  -0.03877,  -0.14088,  -0.04925,   0.01036,   0.05196,   0.08102,  -0.02374,   0.01116,   0.01339,  -0.18772,  -0.28259,  -0.14854,  -0.22854,   0.21938,   0.25248,   0.11436,  -0.05414,  -0.08200,   0.20065,   0.00885,   0.05687,  -0.29300,   0.01715,  -0.06523
  -0.25803,  -0.15050,   0.00329,  -0.09313,  -0.06103,  -0.03603,  -0.10726,   0.14735,   0.28161,   0.01275,   0.05802,  -0.00073,  -0.11260,   0.00933,  -0.17121,   0.18251,  -0.03959,  -0.23348,   0.04314,   0.11938,   0.14018,   0.14102,  -0.15263,  -0.03553,  -0.21018,  -0.21453,  -0.05542,  -0.07667,  -0.30849,  -0.25351,   0.07389,   0.09248,  -0.11200,   0.14483,  -0.25015,  -0.04533,   0.10128,  -0.18288
   0.04909,   0.09865,  -0.00922,   0.09842,  -0.09408,  -0.29933,  -0.14633,  -0.17973,   0.07445,  -0.05031,  -0.19412,   0.15160,  -0.17557,  -0.31745,  -0.17350,   0.02886,  -0.11091,  -0.18368,  -0.28460,   0.02041,  -0.25073,  -0.19139,  -0.04078,  -0.04295,  -0.02175,   0.12236,  -0.18268,   0.07643,   0.05536,  -0.12007,  -0.09847,  -0.08292,   0.09188,  -0.26228,  -0.18755,   0.00234,   0.03857,   0.15688
  -0.22232,   0.05270,  -0.14457,  -0.01311,   0.09813,  -0.18042,   0.13275,  -0.27181,  -0.10423,  -0.09471,  -0.15390,  -0.24723,   0.13108,  -0.12772,  -0.02369,  -0.13947,  -0.07573,  -0.13326,  -0.01863,   0.11377,  -0.00420,  -0.21458,   0.06480,   0.09237,   0.20690,  -0.06668,  -0.02157,  -0.34985,  -0.03599,  -0.22490,  -0.04814,  -0.29283,  -0.20061,   0.01569,  -0.24057,  -0.02361,  -0.00352,  -0.11306
   0.04144,  -0.14685,  -0.14275,  -0.08935,  -0.16008,  -0.02602,  -0.22227,   0.10246,  -0.19113,  -0.26749,  -0.20652,  -0.12803,  -0.03232,  -0.24103,   0.22380,  -0.04439,   0.03317,  -0.04646,  -0.06870,  -0.34046,   0.14973,  -0.17720,   0.00742,   0.24191,  -0.00753,  -0.14398,  -0.26022,   0.04829,  -0.22100,   0.12932,   0.07010,   0.11353,  -0.01122,   0.02043,   0.02428,   0.24780,  -0.04137,  -0.19661
   0.07078,   0.17266,  -0.30470,   0.19679,  -0.15241,   0.04825,   0.15374,  -0.13509,  -0.16977,  -0.12044,   0.01320,   0.04171,  -0.27335,   0.01351,  -0.05396,  -0.09511,   0.17390,  -0.23017,  -0.20484,  -0.24128,   0.10266,  -0.01309,   0.10121,   0.10333,   0.15097,   0.10186,  -0.32335,  -0.06373,   0.17975,   0.17205,   0.03774,   0.26487,  -0.16769,   0.01894,   0.22242,  -0.07146,  -0.25373,  -0.08349
  -0.32134,  -0.03912,   0.16625,  -0.04868,  -0.07641,   0.20343,  -0.23244,   0.02102,   0.03007,   0.07879,  -0.09431,  -0.22212,  -0.06373,  -0.09735,  -0.10438,   0.18005,  -0.23315,  -0.14604,  -0.11826,   0.06095,   0.05080,  -0.07433,   0.09791,   0.05626,   0.18295,   0.09544,   0.09931,   0.04991,  -0.05724,   0.08578,   0.17369,  -0.10099,   0.21099,  -0.32184,   0.16227,  -0.09098,  -0.14612,  -0.10793
  -0.07796,   0.05803,  -0.01834,   0.25946,   0.08103,  -0.28256,   0.02157,  -0.14594,  -0.00067,  -0.06799,  -0.34443,  -0.03495,  -0.07796,   0.01254,  -0.06206,  -0.03163,   0.08197,  -0.12391,   0.07646,   0.09839,   0.10472,   0.00752,   0.04518,  -0.28694,  -0.12350,  -0.06948,  -0.21357,   0.03223,   0.03853,  -0.06360,   0.05603,  -0.19341,   0.05093,  -0.13046,  -0.09249,  -0.11380,  -0.29373,  -0.16666
  -0.19114,  -0.13436,   0.22437,  -0.10926,  -0.11062,   0.09250,   0.19069,  -0.07089,   0.09345,  -0.05009,   0.14943,   0.00293,   0.13872,  -0.28559,  -0.36056,  -0.12754,  -0.34481,   0.01155,  -0.07547,  -0.31309,   0.05157,  -0.01536,   0.26008,   0.02927,  -0.08639,  -0.23594,  -0.01663,  -0.08168,   0.09012,  -0.02391,  -0.12284,  -0.25950,  -0.28716,   0.02707,   0.18658,   0.02631,  -0.28607,  -0.22996
   0.04080,   0.02832,  -0.01533,   0.20761,   0.11816,  -0.29947,  -0.00811,  -0.09517,  -0.11810,   0.20266,   0.16838,   0.26566,  -0.25580,  -0.21811,  -0.11803,  -0.18892,   0.19442,  -0.03763,  -0.11548,   0.02323,   0.18790,  -0.16355,  -0.10007,  -0.19042,  -0.21787,  -0.17296,  -0.07777,   0.10626,  -0.09107,   0.07020,   0.04153,   0.15110,  -0.28076,   0.21466,   0.11953,  -0.04554,   0.01746,   0.08490
  -0.06528,  -0.15234,  -0.04234,   0.09655,  -0.04650,  -0.24632,   0.00878,  -0.00282,  -0.24528,  -0.09927,   0.20039,   0.19379,  -0.19974,   0.03542,   0.03757,  -0.17823,  -0.11308,  -0.04400,  -0.26329,   0.14242,  -0.02558,   0.05524,  -0.13578,  -0.06451,   0.18765,  -0.00059,   0.23469,   0.03828,   0.05996,  -0.14578,  -0.04960,  -0.01284,  -0.18703,   0.06176,   0.14855,  -0.02572,  -0.00802,   0.09565
  -0.06714,  -0.05183,   0.25784,  -0.14782,  -0.18118,  -0.33133,   0.02241,  -0.05037,  -0.10954,   0.03568,   0.21417,  -0.11473,  -0.10769,  -0.19535,  -0.18842,  -0.05074,  -0.13411,   0.23760,   0.03329,   0.13063,   0.09582,   0.03678,  -0.14165,  -0.09077,   0.11737,  -0.19607,  -0.23526,  -0.03668,   0.03799,  -0.09774,   0.07881,   0.05505,  -0.20521,   0.03286,  -0.19439,   0.09981,  -0.22727,  -0.10553
   0.07747,  -0.01286,   0.05570,  -0.12483,  -0.07703,   0.20190,   0.20932,  -0.02349,  -0.12804,  -0.01115,  -0.10942,   0.04734,  -0.08030,   0.01830,  -0.08495,  -0.20844,  -0.25674,   0.15127,  -0.09918,  -0.19775,  -0.04352,   0.05694,   0.03995,  -0.15698,   0.21549,  -0.22136,  -0.19068,  -0.27531,  -0.02458,  -0.11837,   0.14124,  -0.02067,  -0.22507,   0.06281,   0.11941,  -0.16588,   0.17227,  -0.14075
   0.01389,  -0.30284,  -0.12953,  -0.00411,  -0.02565,  -0.13104,  -0.32537,  -0.10703,   0.04176,  -0.28112,   0.21298,  -0.19528,  -0.05526,   0.02604,   0.06919,  -0.25095,  -0.01577,  -0.00427,  -0.04251,   0.20227,   0.05499,  -0.03745,   0.17582,  -0.09010,  -0.19910,   0.12188,  -0.00104,   0.02468,  -0.28271,   0.09663,   0.10990,  -0.02443,   0.16036,  -0.16536,   0.07748,   0.05311,  -0.01400,   0.00041
   0.13122,  -0.15109,  -0.25520,  -0.26783,   0.06655,  -0.24079,  -0.18075,   0.16986,   0.04082,  -0.11028,  -0.01061,  -0.15854,   0.04537,  -0.12095,  -0.07358,  -0.11951,   0.21305,  -0.13911,   0.04273,  -0.06759,   0.00872,  -0.07702,  -0.01841,  -0.02680,  -0.17488,  -0.04250,  -0.23632,  -0.08544,  -0.06782,  -0.12921,  -0.14390,  -0.24841,  -0.09362,  -0.00554,  -0.20934,   0.04892,  -0.26033,   0.21990
  -0.26098,  -0.13235,  -0.22336,   0.00645,   0.02794,  -0.30894,   0.01072,  -0.08363,  -0.23174,   0.12900,   0.01634,   0.07895,  -0.06877,  -0.10172,  -0.18639,   0.22228,   0.00902,  -0.13554,  -0.17957,  -0.29390,  -0.23542,  -0.12853,   0.24695,   0.08907,   0.26826,   0.18223,  -0.02645,   0.20376,   0.08004,   0.16031,   0.00756,  -0.20324,  -0.01954,  -0.01633,   0.23155,  -0.21510,   0.02119,  -0.26998
  -0.04162,  -0.15349,  -0.19262,  -0.19172,  -0.16937,   0.11732,   0.10463,  -0.01188,  -0.26264,   0.22493,   0.01279,  -0.19335,  -0.29749,  -0.03417,  -0.02705,  -0.13286,  -0.17858,  -0.06310,  -0.07127,  -0.15427,  -0.11230,  -0.13475,  -0.10614,  -0.23434,  -0.25280,   0.05998,  -0.27687,  -0.23618,   0.26235,   0.09535,   0.05457,  -0.33653,  -0.19733,   0.02435,  -0.05831,  -0.10399,  -0.18340,  -0.30456
   0.06483,   0.01517,   0.17196,   0.08043,  -0.16045,   0.14404,   0.02074,   0.03835,  -0.08259,  -0.09071,  -0.08948,  -0.05284,   0.01471,   0.00916,   0.15685,  -0.00202,  -0.00433,  -0.15614,  -0.03427,  -0.16918,  -0.15329,  -0.22711,   0.02445,   0.01673,   0.05079,   0.17932,  -0.04767,  -0.07174,  -0.23610,   0.20123,  -0.16875,   0.03756,   0.02850,   0.01005,  -0.29660,  -0.13170,  -0.07275,  -0.15401
   0.16650,  -0.00313,  -0.03930,  -0.16583,   0.00371,  -0.04282,  -0.17870,   0.13879,  -0.15603,   0.13683,  -0.28548,   0.05753,   0.01037,  -0.03183,  -0.19318,  -0.15948,  -0.09724,  -0.29783,   0.14917,   0.07672,  -0.00076,  -0.13665,  -0.22072,  -0.07508,   0.06006,  -0.07766,   0.16400,  -0.03525,  -0.00469,   0.09467,  -0.29189,  -0.12793,  -0.14484,  -0.12118,   0.08392,  -0.09239,   0.18138,   0.16435
  -0.06003,  -0.26758,  -0.10461,  -0.22931,  -0.10263,  -0.02258,  -0.30481,  -0.18465,  -0.26376,  -0.05543,   0.21786,  -0.11011,  -0.07510,  -0.04428,   0.04543,  -0.24634,  -0.02506,   0.08564,  -0.07109,  -0.05589,  -0.13784,  -0.25600,  -0.16339,   0.18889,  -0.21968,  -0.24580,   0.18327,  -0.25055,   0.02657,  -0.19994,  -0.32786,   0.12637,  -0.16123,   0.10428,   0.13165,  -0.18032,  -0.14511,   0.04724
   0.06529,  -0.16719,  -0.29584,  -0.32345,  -0.21323,  -0.28705,   0.05106,  -0.03820,  -0.05792,  -0.22124,   0.22623,  -0.20873,   0.03019,   0.12674,  -0.03303,  -0.28731,   0.15402,  -0.06196,  -0.05327,  -0.11719,  -0.06404,   0.02123,   0.14036,  -0.28040,   0.07792,  -0.10099,  -0.10474,  -0.00971,   0.15668,  -0.00539,   0.01210,   0.08620,  -0.13719,   0.00215,   0.00754,  -0.02199,   0.27442,  -0.03995
  -0.13718,  -0.06670,  -0.10102,   0.11927,  -0.16254,   0.20348,   0.10053,  -0.26971,  -0.23994,   0.18558,  -0.24326,  -0.00906,   0.14413,  -0.15122,  -0.20137,   0.05941,   0.02198,  -0.00932,  -0.18288,  -0.26859,  -0.01124,   0.19755,   0.17806,  -0.09252,  -0.08108,   0.04744,  -0.04604,   0.05982,   0.09223,   0.01166,  -0.22585,   0.02086,   0.08543,   0.02841,   0.04093,   0.16567,   0.19004,   0.03903
   0.24738,  -0.01531,  -0.11558,  -0.13925,  -0.15592,  -0.27781,   0.09932,   0.12964,   0.09675,   0.02205,  -0.30927,  -0.30026,   0.02952,  -0.03446,   0.08672,  -0.24383,   0.09762,  -0.26186,  -0.01588,  -0.00481,  -0.12044,  -0.05234,   0.03682,   0.00790,  -0.03880,   0.03554,  -0.19554,   0.15894,   0.07557,   0.05973,   0.04938,   0.01861,  -0.16813,  -0.06437,   0.00866,  -0.00830,   0.04451,  -0.02692
  -0.11682,  -0.21675,  -0.15613,   0.00771,  -0.10624,  -0.08640,   0.19681,  -0.11447,  -0.18451,  -0.27063,   0.01273,   0.19899,   0.06135,  -0.08693,  -0.04492,  -0.14260,   0.05457,   0.11900,   0.06403,  -0.09789,   0.01650,   0.00819,   0.02702,   0.14962,   0.07307,   0.13808,  -0.12973,   0.06856,  -0.25840,  -0.15289,  -0.24540,  -0.08171,  -0.11838,  -0.08816,   0.15134,   0.06442,   0.08322,  -0.22725
  -0.02330,  -0.10309,   0.00069,   0.25716,  -0.25672,   0.07572,  -0.16059,   0.06099,   0.13582,   0.01034,  -0.06130,  -0.01834,  -0.11141,   0.07549,   0.28991,  -0.18376,   0.20272,  -0.15563,  -0.06497,  -0.24548,   0.03243,  -0.08577,  -0.03611,   0.15182,  -0.28114,  -0.17927,   0.21544,  -0.06133,  -0.07762,   0.01696,  -0.02263,   0.03188,   0.18485,   0.22103,   0.07751,   0.24597,  -0.17850,  -0.18028
  -0.24425,  -0.24259,   0.10519,   0.16056,  -0.12819,   0.12108,  -0.23690,  -0.06958,   0.10280,   0.14260,   0.12240,   0.11852,   0.14007,   0.02868,  -0.15578,  -0.03496,  -0.23133,   0.08403,  -0.04818,  -0.18575,  -0.25996,   0.09202,   0.05336,  -0.24603,   0.06986,  -0.25005,  -0.15766,   0.10118,  -0.18225,  -0.06138,   0.02362,  -0.08051,   0.07796,   0.08083,  -0.04323,   0.02218,   0.20372,   0.13474
   0.03148,  -0.01914,  -0.17938,  -0.13000,   0.11883,   0.02480,   0.09197,  -0.32045,   0.24885,   0.24840,  -0.07207,   0.07706,   0.01700,  -0.23330,   0.06223,  -0.16405,   0.03376,   0.05689,   0.08812,   0.25109,  -0.17181,  -0.05569,   0.25017,   0.01082,   0.08577,   0.08304,   0.26840,  -0.15964,  -0.18411,  -0.03606,  -0.22049,  -0.14430,  -0.19672,  -0.29821,   0.07805,   0.24727,  -0.08329,  -0.00067
   0.06343,  -0.13218,  -0.00381,  -0.25573,   0.19346,  -0.00482,  -0.14544,  -0.09420,   0.06064,   0.03800,   0.19316,  -0.21536,   0.06592,  -0.01249,   0.04609,  -0.28358,  -0.01682,   0.20597,  -0.00552,  -0.31095,  -0.09773,  -0.18667,   0.07888,   0.17088,   0.02489,  -0.02125,  -0.28343,   0.21145,  -0.10745,   0.21267,  -0.21389,  -0.10903,  -0.16577,  -0.11253,  -0.15186,  -0.06645,  -0.19534,  -0.00692
  -0.12139,   0.15337,   0.09193,  -0.01572,  -0.22583,   0.08139,  -0.25141,   0.11652,   0.11266,  -0.12599,   0.02337,  -0.05186,   0.05423,   0.06079,  -0.07181,   0.03466,  -0.22098,  -0.22945,   0.04965,  -0.07274,  -0.20025,  -0.15828,   0.18588,   0.26055,   0.15867,  -0.29285,  -0.01705,   0.08656,  -0.05329,  -0.06098,  -0.24970,  -0.01471,  -0.10831,  -0.01495,  -0.01464,   0.10635,  -0.30943,  -0.14226
   0.02636,  -0.10767,  -0.14603,  -0.18333,  -0.12111,   0.03492,  -0.00457,   0.00889,   0.18438,  -0.00266,   0.10367,  -0.02354,   0.07554,  -0.20805,  -0.12233,   0.12137,  -0.04914,   0.01538,  -0.00907,  -0.00715,  -0.29813,   0.10533,  -0.21748,  -0.02576,  -0.27756,   0.17871,   0.13438,  -0.08352,   0.08076,  -0.29699,   0.02945,   0.03919,  -0.13741,  -0.02675,   0.01027,  -0.08073,   0.21001,   0.07920
  -0.13980,  -0.09344,  -0.22992,   0.21156,  -0.06169,  -0.23401,  -0.05429,   0.12910,   0.18869,  -0.08360,   0.06655,   0.03769,   0.25650,   0.02891,  -0.12760,  -0.01252,  -0.27853,   0.08915,  -0.02515,  -0.02628,  -0.25081,   0.11281,   0.22018,  -0.20231,  -0.07117,  -0.09878,  -0.17856,   0.02395,   0.01386,   0.10922,  -0.29252,  -0.11252,  -0.05652,  -0.12914,  -0.07286,  -0.14370,  -0.25933,  -0.22905
   0.02868,  -0.25182,   0.02658,  -0.32985,   0.05041,  -0.04216,   0.06178,  -0.12958,  -0.15890,  -0.21884,  -0.07518,  -0.06664,   0.21684,  -0.12795,  -0.12700,   0.00821,   0.00903,  -0.03953,  -0.08436,  -0.26920,  -0.20344,  -0.10135,   0.17061,   0.08633,   0.08223,  -0.10932,  -0.05194,  -0.24309,   0.19397,  -0.09610,   0.21867,   0.00191,   0.09657,  -0.04114,  -0.05584,  -0.16347,  -0.01093,  -0.20978
  -0.04380,  -0.18922,  -0.18057,  -0.01867,   0.01470,   0.10348,  -0.01707,   0.04843,  -0.13422,  -0.02483,   0.00024,  -0.15005,   0.22180,   0.15360,   0.02839,   0.04152,   0.20488,  -0.27807,  -0.10313,  -0.08862,  -0.08637,  -0.07385,   0.07495,   0.05297,   0.08105,  -0.23010,  -0.22990,   0.00484,   0.23713,   0.05628,  -0.26482,   0.05484,  -0.02989,  -0.08682,  -0.01050,  -0.15399,   0.29610,  -0.15381
  -0.12492,  -0.01316,  -0.25764,  -0.19530,  -0.00787,  -0.11208,   0.04777,  -0.12976,   0.19093,   0.23189,   0.16342,  -0.02731,  -0.22055,   0.19878,   0.07723,   0.03670,  -0.13928,   0.14794,   0.18348,  -0.09938,  -0.28670,   0.17426,   0.16688,   0.15660,  -0.16428,  -0.20076,  -0.19424,   0.08607,  -0.16848,   0.13036,  -0.09872,   0.15266,  -0.13102,  -0.03400,   0.08495,   0.12574,  -0.05780,  -0.30186
  -0.00614,  -0.08629,  -0.00565,  -0.03534,  -0.04230,   0.16397,  -0.08894,  -0.18389,   0.09085,  -0.19102,  -0.05604,   0.21646,  -0.17483,  -0.16091,  -0.05513,  -0.18346,  -0.27898,   0.10814,   0.10239,   0.07207,  -0.04496,   0.11953,  -0.14762,   0.00503,  -0.18918,  -0.04489,   0.18503,   0.00664,  -0.11095,  -0.16798,  -0.10593,   0.17011,  -0.22586,  -0.18091,  -0.18707,  -0.01697,   0.10992,  -0.08716
  -0.06532,   0.17082,  -0.19708,  -0.04709,   0.20411,  -0.02566,  -0.03041,   0.14027,   0.00382,   0.25423,   0.17112,   0.01439,  -0.20570,   0.04355,   0.16395,   0.22872,   0.21329,   0.04820,  -0.15207,  -0.05452,   0.18515,  -0.18065,  -0.31361,  -0.27635,   0.15543,  -0.00473,  -0.04323,   0.00113,   0.20653,  -0.13904,   0.11695,  -0.29061,   0.01186,  -0.13918,   0.20279,   0.13586,  -0.02445,  -0.09381
   0.02276,  -0.28555,  -0.16787,  -0.14593,   0.20376,  -0.25064,  -0.24688,  -0.07304,  -0.05158,   0.11962,  -0.11646,  -0.14826,  -0.12449,   0.07022,  -0.15912,   0.03190,  -0.21100,  -0.03932,  -0.18154,   0.01740,  -0.29471,  -0.03044,  -0.00590,  -0.02020,  -0.06388,  -0.02432,   0.03346,  -0.23771,   0.11687,  -0.26324,   0.01659,  -0.02588,   0.11752,  -0.23781,   0.07923,   0.24137,  -0.30687,  -0.20237
   0.00387,  -0.28471,   0.14330,   0.08805,   0.13683,  -0.23541,   0.01755,  -0.29469,  -0.15224,  -0.20568,   0.08794,  -0.10582,  -0.19428,   0.10881,   0.10511,  -0.29092,   0.03973,  -0.18471,  -0.00765,   0.17253,   0.13806,   0.10499,   0.02813,  -0.11095,  -0.05825,   0.04470,  -0.03136,  -0.18440,   0.04837,   0.08585,   0.00754,  -0.32556,   0.20507,  -0.10656,   0.08489,  -0.25597,  -0.29359,   0.27834
   0.00587,  -0.04150,  -0.26715,   0.25455,  -0.15808,   0.03253,  -0.02621,  -0.02789,   0.14522,   0.00898,   0.13326,  -0.15824,  -0.28783,  -0.12799,   0.03732,   0.25619,  -0.11048,  -0.05894,  -0.01691,  -0.03146,  -0.17826,  -0.20610,  -0.15570,  -0.17618,   0.07054,  -0.26354,   0.05533,  -0.07140,   0.07730,  -0.22737,   0.02480,  -0.10552,   0.10888,  -0.08227,   0.18099,  -0.07816,   0.05951,  -0.19195
  -0.21645,  -0.29763,   0.15455,   0.23314,   0.07893,  -0.14559,  -0.17815,  -0.28689,   0.18175,  -0.07079,   0.07426,  -0.00053,  -0.09104,   0.23080,  -0.06785,   0.03426,   0.07712,  -0.15499,  -0.16167,   0.09800,   0.03740,  -0.14645,   0.00523,   0.09237,   0.07206,  -0.17035,   0.00738,  -0.10763,  -0.09045,  -0.31879,   0.09841,   0.11800,   0.08030,   0.14879,  -0.06504,  -0.02714,  -0.24874,   0.06626
  -0.14686,  -0.17992,  -0.05655,   0.00255,  -0.01915,  -0.16125,  -0.06235,  -0.11298,   0.12359,  -0.20673,  -0.04705,  -0.24241,  -0.26514,   0.01254,  -0.34907,  -0.02573,  -0.14669,   0.00820,   0.16988,   0.16387,   0.23497,   0.03582,   0.07784,   0.10916,  -0.07778,  -0.06981,  -0.04568,   0.05194,  -0.19943,   0.03737,  -0.11889,  -0.08041,  -0.28275,  -0.18500,  -0.22171,  -0.06819,   0.01328,  -0.13111
  -0.09225,  -0.21888,  -0.03151,   0.27645,   0.20603,   0.18789,   0.28624,  -0.19789,  -0.03706,   0.10177,  -0.32544,  -0.16999,  -0.07165,  -0.05588,  -0.04369,   0.02725,  -0.00865,  -0.07310,  -0.23665,  -0.07801,   0.02180,   0.10768,  -0.25245,   0.14936,   0.00287,  -0.24346,   0.01776,  -0.00286,   0.05023,  -0.23973,  -0.04563,  -0.09738,  -0.03485,  -0.29558,  -0.25931,   0.13851,  -0.09072,  -0.13428
   0.07669,   0.10221,   0.10170,  -0.24868,   0.02985,  -0.11750,  -0.04323,  -0.00583,   0.06018,  -0.12590,   0.07896,   0.16844,   0.15235,  -0.03902,   0.16546,  -0.01065,   0.13049,  -0.22221,   0.16125,   0.08420,  -0.16064,   0.04102,   0.11529,   0.13507,  -0.02263,  -0.16632,   0.02722,   0.07618,  -0.25469,   0.09734,   0.04562,  -0.02267,   0.08981,   0.02860,   0.00371,   0.11547,   0.02807,  -0.27689
  -0.22427,  -0.25249,   0.00800,  -0.27668,   0.09463,  -0.25355,  -0.16005,  -0.09240,  -0.09560,   0.05001,  -0.22945,  -0.15694,   0.07308,  -0.21584,  -0.18964,  -0.22691,   0.11152,   0.19091,  -0.31043,  -0.00108,   0.20883,  -0.08849,   0.17064,   0.13734,  -0.27449,   0.11425,  -0.25017,   0.06299,  -0.23959,   0.03767,   0.03199,   0.20768,  -0.07896,  -0.00467,  -0.06810,   0.10016,  -0.04166,   0.10805
  -0.05820,   0.19580,  -0.26427,  -0.01686,   0.09369,  -0.12936,   0.24369,   0.04728,  -0.26735,   0.26902,  -0.23625,  -0.16320,  -0.31411,   0.06389,   0.00839,  -0.18226,   0.06438,   0.05743,   0.19653,  -0.09846,  -0.10793,   0.22023,  -0.05556,  -0.03904,   0.07432,   0.12192,  -0.11348,   0.12159,  -0.30357,   0.01373,  -0.19045,  -0.11075,  -0.30895,  -0.35972,  -0.13590,  -0.11080,  -0.04083,  -0.35262
  -0.07216,  -0.01992,  -0.01966,   0.03061,   0.03811,  -0.07273,  -0.08069,   0.17160,  -0.15141,   0.17264,  -0.01306,  -0.25038,   0.15643,   0.00341,   0.11578,   0.21808,   0.17113,  -0.05656,  -0.13279,   0.04043,   0.24866,   0.24029,  -0.14910,  -0.02794,  -0.30203,  -0.26753,  -0.21280,  -0.00590,  -0.15805,  -0.20262,   0.25198,  -0.00043,   0.07885,   0.11513,   0.02641,   0.00781,  -0.28155,  -0.19455
  -0.05361,  -0.00279,  -0.09378,  -0.15067,  -0.06828,  -0.29156,   0.07493,  -0.07815,   0.10093,   0.12146,  -0.22622,   0.03391,  -0.01692,   0.21223,  -0.19427,  -0.27085,   0.04815,   0.13498,  -0.18631,   0.22089,   0.10979,   0.08363,   0.13152,  -0.10782,   0.01415,  -0.14824,   0.10147,   0.09402,  -0.00728,  -0.12134,  -0.13262,  -0.27145,   0.04123,   0.14952,   0.13253,  -0.27849,   0.22090,   0.18434
  -0.13335,   0.20033,  -0.09281,  -0.15988,   0.28420,  -0.25743,   0.09302,   0.26592,  -0.16659,   0.11693,  -0.22056,   0.03101,  -0.03981,   0.06277,  -0.08664,   0.07263,  -0.03209,  -0.09540,  -0.04601,  -0.21546,   0.02790,  -0.02870,   0.24469,  -0.12542,   0.27171,  -0.16665,   0.23385,  -0.06247,   0.00587,   0.18422,  -0.18047,   0.13283,  -0.00848,  -0.10192,   0.05829,   0.01902,  -0.35259,   0.03674
   0.09071,  -0.02038,   0.01346,  -0.19929,   0.19331,  -0.07794,  -0.30284,   0.15982,  -0.23243,  -0.06913,   0.19707,   0.10152,   0.03767,   0.01133,   0.01863,  -0.02982,  -0.09584,   0.07916,  -0.07337,  -0.32514,  -0.30991,   0.12933,  -0.15343,  -0.31585,   0.18618,  -0.10550,  -0.16381,   0.10752,   0.07350,   0.05589,   0.03261,   0.08528,  -0.07789,   0.21488,  -0.03972,   0.08527,  -0.21118,  -0.11095
  -0.03022,  -0.06368,  -0.06320,   0.19907,   0.05893,   0.06620,   0.08713,   0.08073,  -0.04404,  -0.02277,  -0.24531,   0.19007,   0.02497,   0.22357,   0.11137,   0.10947,  -0.10322,   0.05428,  -0.09330,   0.06488,   0.20596,  -0.11219,  -0.26100,  -0.27433,   0.15995,  -0.04227,  -0.00312,  -0.24340,   0.07183,  -0.21783,   0.15395,  -0.02808,   0.06847,  -0.11696,   0.03701,   0.11943,   0.09663,  -0.00389
   0.12103,   0.22727,   0.13051,   0.00981,  -0.04420,  -0.26351,  -0.00696,   0.05970,  -0.21005,   0.02441,   0.19436,   0.05244,   0.00872,   0.13824,   0.00682,  -0.08565,   0.16980,  -0.20694,  -0.17176,  -0.12513,   0.05209,  -0.20209,  -0.08786,   0.18148,   0.02489,   0.00659,   0.02639,   0.24292,  -0.09108,   0.13336,  -0.12808,  -0.01074,  -0.24463,  -0.02177,  -0.02959,  -0.09640,  -0.06195,  -0.03255
   0.10782,   0.23293,  -0.12086,  -0.15126,   0.10877,   0.18329,  -0.16333,  -0.28501,   0.08574,   0.10464,   0.08213,  -0.04547,   0.20039,   0.02320,   0.11935,  -0.29512,   0.17137,   0.04752,   0.08290,   0.00979,   0.08884,   0.01593,  -0.12334,  -0.23910,  -0.07688,   0.19608,   0.05335,   0.02041,  -0.05698,  -0.02652,  -0.08301,   0.14882,  -0.25786,   0.09867,  -0.06910,  -0.04484,   0.04846,  -0.27713
  -0.24496,  -0.16258,  -0.18371,   0.23744,   0.00346,   0.16058,   0.10774,   0.08905,   0.16956,  -0.20042,   0.00678,  -0.06495,  -0.02866,  -0.02376,   0.12101,   0.21687,  -0.14456,   0.22174,  -0.33461,   0.04743,  -0.20108,  -0.04835,   0.07327,  -0.14536,   0.13847,   0.02612,   0.24041,   0.05103,   0.18224,   0.07448,   0.04040,   0.07660,   0.02256,   0.21221,   0.21544,  -0.24778,   0.02852,  -0.00150
  -0.08898,  -0.17401,   0.14606,   0.01391,   0.02180,   0.08917,   0.03521,   0.05727,  -0.09751,  -0.17496,  -0.10570,   0.17917,  -0.27399,   0.29360,  -0.19800,   0.21460,  -0.28452,   0.07203,  -0.05181,  -0.05283,  -0.16942,   0.03107,  -0.11099,   0.05692,  -0.10645,  -0.22198,   0.00188,  -0.14573,  -0.06704,  -0.00708,  -0.03594,  -0.04300,  -0.25919,  -0.00027,  -0.02691,  -0.10024,  -0.05990,   0.24229
   0.13814,   0.15275,  -0.06496,  -0.34149,   0.16400,  -0.03517,  -0.21645,  -0.10202,   0.19089,  -0.35085,   0.00294,  -0.06980,  -0.25391,  -0.06349,   0.19578,  -0.02414,  -0.06365,   0.03480,   0.12026,  -0.09653,  -0.17692,  -0.29187,  -0.19421,   0.03121,   0.01242,   0.06892,  -0.02384,   0.13153,   0.19077,   0.17477,   0.02034,   0.09952,  -0.09448,  -0.13827,   0.09313,   0.06487,  -0.19450,   0.14554
  -0.12204,  -0.04879,  -0.00586,  -0.28243,   0.14651,   0.03825,  -0.16076,  -0.14171,   0.06370,  -0.00406,  -0.29806,  -0.07477,  -0.24792,   0.01365,  -0.20044,  -0.32991,  -0.12968,  -0.22412,  -0.07065,   0.00162,  -0.27158,   0.03123,  -0.16317,  -0.05643,   0.16330,  -0.17167,   0.06377,  -0.03899,   0.09915,  -0.16695,   0.14606,   0.15052,   0.15360,   0.17517,   0.15151,  -0.27805,  -0.14593,  -0.04936
  -0.07593,  -0.13023,   0.19798,  -0.13676,  -0.23146,  -0.06840,   0.13193,   0.01858,  -0.08132,  -0.25425,   0.06248,   0.06003,   0.19721,   0.02614,   0.24406,  -0.03070,  -0.01968,   0.02724,   0.09538,  -0.11455,   0.04890,   0.16178,   0.07556,   0.10330,  -0.24086,   0.22623,  -0.30150,  -0.00391,  -0.14169,   0.09135,   0.09045,   0.23726,   0.08094,  -0.14292,   0.14367,  -0.15728,  -0.07795,  -0.02177
   0.05933,  -0.31506,  -0.00446,  -0.11820,  -0.05472,  -0.09795,   0.07602,   0.02482,  -0.06436,   0.01856,   0.15971,   0.03380,   0.17740,   0.22870,  -0.36235,  -0.23559,   0.03218,  -0.09737,  -0.04564,   0.09165,  -0.17237,   0.02104,   0.04145,  -0.24442,  -0.00598,   0.07329,  -0.09801,   0.03924,   0.18819,  -0.05164,  -0.05321,  -0.04408,   0.07435,   0.11730,   0.05938,  -0.27824,  -0.00755,  -0.15110
   0.13949,   0.25659,   0.12604,  -0.02444,  -0.10306,   0.08695,  -0.06217,  -0.10406,  -0.19094,   0.16327,  -0.27677,  -0.10110,   0.26899,  -0.12132,  -0.03362,  -0.08528,  -0.07502,   0.00137,   0.02110,  -0.13114,  -0.04063,   0.00709,  -0.22508,  -0.07839,   0.16102,  -0.16559,  -0.18498,  -0.05051,  -0.05495,   0.01746,  -0.14390,  -0.00029,  -0.06034,  -0.03966,  -0.27468,  -0.20535,   0.01070,  -0.04340
  -0.07535,   0.05815,   0.21536,  -0.02905,  -0.29046,   0.13846,   0.08792,  -0.30788,  -0.11749,   0.27834,  -0.15581,   0.14397,  -0.22495,   0.14099,  -0.08899,  -0.06330,   0.12993,  -0.03782,   0.04376,   0.02074,  -0.02837,   0.00867,  -0.30286,   0.05711,   0.12353,   0.18248,  -0.26363,   0.05684,   0.07010,  -0.21818,  -0.14491,   0.10246,   0.15513,   0.28072,   0.06213,   0.05859,  -0.19770,  -0.23605
  -0.03563,  -0.16595,   0.07498,   0.26629,   0.19775,  -0.32851,  -0.18002,  -0.13620,   0.17271,  -0.23072,   0.07981,   0.16014,  -0.17649,  -0.02562,  -0.06886,   0.18703,  -0.22006,   0.17961,   0.05582,  -0.12653,  -0.06177,   0.05241,  -0.08223,   0.05528,  -0.17483,  -0.24640,  -0.06361,  -0.02843,   0.04897,  -0.04818,   0.09237,  -0.23590,  -0.03239,   0.10155,  -0.15173,   0.12853,   0.21901,   0.15736
   0.10860,   0.11686,   0.07736,   0.00245,   0.23217,  -0.12727,   0.02455,   0.09681,  -0.15469,  -0.09588,  -0.20559,  -0.11401,   0.13184,   0.10690,  -0.21130,  -0.14314,  -0.03552,  -0.26660,   0.12502,  -0.03239,  -0.17151,   0.25476,   0.10838,   0.01164,   0.02193,   0.16425,  -0.09414,   0.09021,   0.01343,   0.11394,   0.09176,  -0.01264,   0.11186,  -0.33826,  -0.20383,  -0.02290,   0.15105,   0.14992
  -0.08928,  -0.14018,   0.04619,   0.08263,   0.06008,   0.12136,   0.01433,  -0.25060,   0.07993,  -0.00221,  -0.20044,   0.19728,  -0.13357,  -0.24648,  -0.01027,  -0.06994,  -0.26150,  -0.17248,   0.15460,   0.03898,  -0.24256,  -0.08132,  -0.04868,  -0.08906,  -0.16828,   0.08934,   0.18109,   0.00341,   0.02460,  -0.10834,   0.17135,  -0.02628,   0.01074,   0.05269,  -0.25633,  -0.24552,  -0.01977,  -0.11112
  -0.01808,   0.18338,   0.17142,  -0.08326,  -0.17846,   0.13612,  -0.31079,   0.22509,  -0.07373,   0.16327,  -0.29569,  -0.14823,   0.07467,   0.05132,  -0.09091,   0.08072,  -0.11967,   0.00403,  -0.12414,   0.11636,   0.17778,  -0.11675,   0.09838,   0.07552,  -0.12329,  -0.26252,  -0.01207,   0.04582,  -0.09161,   0.04538,   0.07582,  -0.32213,   0.00171,  -0.18402,  -0.29564,   0.11430,   0.22215,  -0.24545
   0.16109,   0.05832,  -0.15774,  -0.07543,   0.00016,  -0.32048,  -0.20649,  -0.08064,  -0.14259,   0.03738,   0.05618,   0.13704,   0.08866,  -0.08772,  -0.10572,  -0.27625,   0.04239,   0.00587,  -0.02920,  -0.11935,   0.09751,  -0.29959,   0.00400,   0.00921,  -0.11985,   0.17597,   0.05226,   0.19104,  -0.09273,  -0.13507,   0.06154,  -0.00429,   0.21398,   0.01441,  -0.13928,   0.20744,   0.01331,  -0.10136
  -0.06719,  -0.08613,  -0.06805,  -0.18725,   0.12589,   0.26862,  -0.22703,   0.00063,  -0.17720,  -0.15299,  -0.00436,  -0.07757,  -0.03034,   0.03993,  -0.12236,  -0.16658,  -0.19323,  -0.24553,  -0.11187,  -0.06840,   0.14984,  -0.27427,  -0.22932,   0.09805,   0.09248,   0.09584,   0.13755,  -0.14228,  -0.19317,  -0.07540,  -0.20707,   0.25481,   0.10080,  -0.00617,   0.21761,  -0.00784,  -0.26824,  -0.15219
  -0.12009,   0.19246,   0.15045,  -0.03072,  -0.02260,  -0.01603,   0.05626,   0.16814,  -0.19712,   0.00209,   0.05974,  -0.12462,  -0.26292,  -0.16319,   0.17240,   0.01119,   0.04284,  -0.12549,  -0.32725,  -0.31561,   0.03507,  -0.03845,   0.05618,  -0.04785,  -0.26242,  -0.01566,   0.21827,  -0.00602,  -0.11776,   0.04629,   0.01543,  -0.28868,  -0.07951,  -0.16725,  -0.19927,  -0.19618,   0.24079,  -0.07064
  -0.19316,  -0.07538,  -0.20075,  -0.11833,  -0.02225,   0.08826,   0.07045,  -0.02887,   0.16301,   0.19753,   0.24928,   0.14507,  -0.24040,  -0.30531,  -0.02208,  -0.11192,  -0.23425,   0.09177,  -0.15814,  -0.12843,  -0.29669,  -0.04661,  -0.25987,  -0.02432,   0.14545,  -0.12544,  -0.00557,  -0.20831,  -0.02345,   0.02257,  -0.01774,  -0.02146,   0.20684,  -0.02161,  -0.00075,   0.18467,   0.05607,  -0.01797
   0.04055,   0.03099,  -0.12524,  -0.08138,  -0.11463,   0.05510,  -0.19525,   0.05266,   0.11531,  -0.25636,  -0.30023,   0.13283,  -0.10597,   0.06842,  -0.24995,  -0.19478,   0.03199,  -0.20986,   0.04271,  -0.07973,  -0.09358,  -0.28564,  -0.15379,  -0.13131,  -0.09018,   0.10620,  -0.17011,  -0.02324,  -0.02252,  -0.19453,   0.04071,   0.02138,  -0.06266,  -0.09530,  -0.08425,  -0.00552,  -0.21708,  -0.03606
  -0.21087,  -0.09693,  -0.10031,  -0.17356,   0.07292,  -0.08666,  -0.09704,  -0.06452,  -0.02466,   0.02007,  -0.10672,  -0.04426,  -0.11175,  -0.15054,  -0.05674,   0.10415,  -0.15986,   0.31955,  -0.08032,  -0.17841,  -0.07560,   0.07769,   0.08943,   0.02466,  -0.11233,  -0.09418,   0.21540,  -0.14322,  -0.22070,  -0.10458,   0.14602,   0.10594,   0.08576,  -0.13373,   0.08039,   0.08346,  -0.09962,   0.25429
   0.08584,  -0.06934,   0.03040,   0.16253,   0.03612,  -0.06304,  -0.02500,   0.08999,   0.20192,   0.10855,  -0.11257,  -0.00920,   0.13237,  -0.11632,  -0.03255,   0.13754,   0.09936,   0.08013,   0.17187,   0.19192,   0.07286,   0.18893,  -0.18121,  -0.16980,   0.07043,   0.21373,   0.01525,   0.07782,  -0.08544,   0.09863,   0.21392,  -0.25576,   0.20008,   0.11758,   0.08672,  -0.12695,  -0.19449,  -0.10777
   0.10585,  -0.10929,   0.16320,  -0.09910,  -0.03560,   0.22097,  -0.11539,  -0.20047,  -0.22061,   0.05863,  -0.31815,  -0.01255,   0.14782,  -0.20771,   0.02429,  -0.28319,  -0.13669,  -0.00773,  -0.25842,  -0.01403,  -0.30189,  -0.26885,  -0.17972,  -0.14687,  -0.15183,  -0.11838,  -0.02980,  -0.12067,   0.00424,  -0.13186,  -0.15313,  -0.22342,   0.07570,  -0.07035,  -0.07721,  -0.26905,   0.18009,   0.07195
  -0.13375,  -0.17812,  -0.07598,   0.12728,  -0.17937,  -0.18380,   0.07140,   0.20189,  -0.07504,  -0.12712,  -0.09452,  -0.25920,   0.02817,  -0.05050,  -0.15023,   0.03896,  -0.29482,   0.19281,   0.02455,  -0.02895,  -0.27090,  -0.00992,  -0.17112,  -0.26227,  -0.14510,  -0.02925,  -0.05422,  -0.23394,   0.05251,  -0.18026,  -0.07156,  -0.16614,   0.03658,  -0.08411,  -0.09390,  -0.25059,  -0.19006,   0.19417
   0.13305,  -0.28181,  -0.11653,  -0.30815,  -0.08497,   0.02823,  -0.04616,  -0.00907,   0.03169,  -0.16549,   0.06717,   0.18399,   0.00090,   0.10123,   0.07617,  -0.06038,  -0.25405,   0.00926,   0.14457,   0.19389,   0.01501,  -0.23846,  -0.26701,   0.10834,  -0.12410,  -0.10240,  -0.26887,  -0.17043,  -0.11568,  -0.07734,  -0.18251,  -0.03650,  -0.05229,  -0.21300,  -0.00676,   0.02218,  -0.14051,  -0.07779
   0.13511,  -0.07945,  -0.12750,   0.17511,   0.10392,   0.08482,   0.05689,   0.00661,  -0.12052,  -0.21675,  -0.13639,  -0.25761,  -0.20320,   0.14109,   0.15351,  -0.21462,   0.08037,   0.03305,  -0.13231,  -0.08223,   0.08047,   0.07528,   0.02084,   0.16531,  -0.05525,   0.06023,   0.25877,  -0.19671,  -0.13737,  -0.02773,   0.06799,   0.09978,   0.00155,  -0.16525,  -0.10856,   0.00675,  -0.30995,   0.15948
